ID,Name,Type,Affiliation,Desc,imgId,videoId
1,Сокіл-160,Фугасний,rozvidka,"Загальна вага - 160 г, Маса корпусу - 45г, Вибухова речовина - 115г",sokil160,
2,Сокіл-250,Осколковий,rozvidka,"Загальна вага - 250 г, Корпус - 50 г, Осколки - 170 г, Вибухова речовина - 30 г(С-4)",sokil,
3,Геліос-500,Запалювальний,rozvidka,"Загальна вага - 510 г, Запалювальна суміш - 410 мл (Напалм)",helios500,
4,Бурчик,Осколковий,rozvidka,"Загальна вага - 500 г, Боєприпас М77 - 230 г, Осколки - 170 г, Корпус - 50 г, Вибухова речовина - 40 г(С-4)",burchuk,
5,Ф-1,Фугасний,fpv,"Загальна вага - 1 кг, Пластик: Корпус - 90 г, Вибухова речовина - 910 г(Габеліт і проміжний С-4), Метал: Корпус - 350 г, Вибухова речовина - 650 г (Габеліт і проміжний С-4)",fugas1,
6,"Ф-1,5",Фугасний,fpv,"Загальна вага - 1,5 кг, Корпус - 645 г, ВР - 760 г (Габеліт і проміжний С-4)",fugas15,
7,Ф-2,Фугасний,fpv,"Загальна вага - 2 кг, Метал (Алюміній): Корпус - 810 г, Вибухова речовина - 1190 г (Габеліт і проміжний С-4), Метал (Сталь): Корпус - 850 г, Вибухова речова - 1040 г (Кемікс+тротил і проміжний С-4)",fugas2,
8,"Ф-2,5",Фугасний,fpv,"Загальна вага - 2,5 кг, Корпус - 130 г, Вибухова речовина - 2370 г(Габеліт + проміжний С-4)",fugas25,
9,РБ40-Ф,Фугасний,fpv,"Загальна вага - 3,8 кг, Маса ВР - 3 кг (УТ-2)",rb40f,
10,"Осколок-0,8",Осколковий,fpv,"Загальна вага - 0,8 кг, Корпус - 80 г, Осколки - 650 г, Вибухова речовина - 70 г (Габеліт + С-4)",ulamok800,
11,Бурчик-fpv,Осколковий,fpv,"Загальна вага - 500 г, Боєприпас М77 - 230 г, Осколки - 170 г, Корпус - 50 г, Вибухова речовина - 40 г(С-4)",burchukfpv,
12,Осколок-1,Осколковий,fpv,"Загальна вага - 1кг, Корпус - 100 г, Осколки - 820 г, Вибухова речовина - 80г(Габеліт + С-4)",ulamokKruh1,
13,"Осколок-1,3",Осколковий,fpv,"Загальна вага - 1,3 кг, Корпус - 100 г. Осколки - 1090 г. Вибухова речовина (Габеліт + С-4) - 110 г.",ulamok1300,
14,"Осколок-1,5",Осколковий,fpv,"Загальна вага - 1,5 кг, Корпус - 110 г. Осколки - 1270 г. Вибухова речовина (Габеліт + С-4) - 120 г.",ulamok1500,
15,"Осколок-2",Осколковий,fpv,"Загальна вага - 2 кг, Корпус - 120 г. Осколки - 1710 г. Вибухова речовина (Габеліт + С-4) - 170 г.",ulamok2000,
16,"Осколок-2,5",Осколковий,fpv,"Загальна вага - 2,5 кг, Корпус - 130 г. Осколки - 2160 г. Вибухова речовина (Габеліт + С-4) - 210 г.",ulamok25,
17,HFB-O,Осколковий,fpv,"Загальна вага - 1,2 кг, Маса ВР - 275 г, Радіус суцільного ураження - 5 м",hfb1200f,
18,MU-12,Осколковий,fpv,"Загальна вага - 1,2 кг. Кількість осколків - 1700 шт. Радіус суцільного ураження - 25 м",mu12,
19,MU-16,Осколковий,fpv,"Загальна вага - 1,6 кг, Кількість осколків - 2240 шт, Радіус суцільного ураження - 30 м",mu16,
20,MU-24,Осколковий,fpv,"Загальна вага - 2,4 кг, Кількість осколків - 3500 шт, Радіус суцільного ураження - 50 м",mu24,
21,"УАБК-1,5-А",Осколковий,fpv,"Загальна вага - 1,5 кг, Корпус - 370 г, Осколки - 880 г, Вибухова речовина - 250 г (Анемікс П)",uabk15,
22,"УАБК-2,0-А",Осколковий,fpv,"Загальна вага - 2 кг, Корпус - 520 г, Осколки - 1130 г, Вибухова речовина - 350 г (Анемікс П)",uabk20,
23,"УАБК-2,5-А",Осколковий,fpv,"Загальна вага - 2,5 кг, Маса осколків - 1400гр, Вибухова речовина - 490 г (АНЕМІКС-П)",uabk25a,
24,МОА "Композит" 61/7,Осколковий,fpv,"Загальна вага  - 1,6 кг, Маса осколків - 1,130 г, Вибухова речовина - 300 г (ПВВ-5А)",moakompozut617,
25,Міна 60 мм,Осколково-фугасний,fpv,"Загальна вага - 1,2-1,4 кг, Вибухова речовина - 200 г",mina60,
26,Міна 82 мм,Осколково-фугасний,fpv,"Загальна вага - 2,6-2,8 кг, Вибухова речовина - 400 г",mina82,
27,HFB-K,Кумулятивний,fpv,"Загальна вага - 460 г, Бронепробиття - 210 мм",hfb0500c,
28,ПГ-7С,Кумулятивний,fpv,"Загальна вага - 880 г, Маса ВР - 560 г (Окфол), проміжний детонатор  - 50 г (С-4), Бронепробиття - 400 мм",pg7s,
29,ПГ-7С1,Кумулятивний,fpv,"Загальна вага - 870 г, Маса ВР - 520 г (А-IX-1), проміжний детонатор  - 50 г (С-4), Бронепробиття - 360 мм",pg7s1,
30,ПГ-7М,Кумулятивний,fpv,"Загальна вага - 860 г, Маса ВР - 450 г (A-IX-1), проміжний детонатор  - 50 г (С-4), Бронепробиття - 300 мм",pg7m,
31,ПГ-9,Кумулятивний,fpv,"Загальна вага - 950 г, Маса ВР - 322 г (A-IX-1), проміжний детонатор  - 50 г (С-4), Бронепробиття - 300 мм",pg9,
32,ПГ-7Л,Кумулятивний,fpv,"Загальна вага - 1540 г, Маса ВР - 730 г (Окфол), проміжний детонатор  - 50 г (С-4), Бронепробиття - 500 мм",pg7l,
33,МАБ-Л100,Кумулятивний,fpv,"Загальна вага - 1,7 кг, Маса ВР - 1,140 г (ТГА), Бронепробиття - 300 мм",mabl100,
34,ПГ-7ВР,Кумулятивний,fpv,"Загальна вага - 2690 г, Маса ВР - 1.1 кг (Окфол), проміжний детонатор  - 50 г (С-4), Бронепробиття - 650 мм",pg7vr,
35,"УЯ-У-65-0,8",Кумулятивний,fpv,"Загальна вага - 0,8 кг, маса ВР (с4) - 205 г, Бронепробиття ББМ до 20мм (ударне ядро)",uyau6508,
36,"УЯ-У-65-1,3",Кумулятивний,fpv,"Загальна вага - 1,25 кг, маса ВР (с4) - 300 г, Бронепробиття ББМ до 30мм (ударне ядро)",uyau6513,
37,"УЯ-95-1,5",Кумулятивний,fpv,"Загальна вага - 1,4 кг, маса ВР (ПВВ) - 800 г, Бронепробиття ББМ до 130мм (ударне ядро)",uya9515,
38,"КО-1,3",Осколково-кумулятивний,fpv,"Загальна вага - 1,2 кг, Бронепробиття - 200 мм, Зона суцільного ураження - 5 м",ko13,
39,РКГ-3,Кумулятивний,fpv,"Загальна вага - 800 г. Вибухова речовина - 567 г (Тротил), Бронепробиття - 125–150 мм",rkh3800,
40,РКГ-3ЕМ,Осколково-кумулятивний,fpv,"Загальна вага - 2кг, Осколкова сорочка - 1250 г, Маса ВР - 600г (ТГ-40), Бронепробиття - 220 мм ",rkh3em,
41,ПТМ-1,Фугасний,fpv,"Загальна вага - 1,6 кг, Вибухова речовина (ПВВ12) - 1,1 кг",ptm115,
42,БТІ-1200,Термобаричний,fpv,"Загальна вага - 1,3 кг",bti1200,cfad26433e8e8a9e2c2333d2073fa105
43,Термобар-1,Термобаричний,fpv,"Загальна вага - 1 кг",tb1,
44,"Термобар-1,5",Термобаричний,fpv,"Загальна вага - 1,5 кг",tb15,
45,Термобар-2,Термобаричний,fpv,"Загальна вага - 2 кг",tb2,
46,"ТЕРМІТ-1,4",Запалювальний,fpv,"Загальна вага - 1,4 кг, Запалювальна суміш - терміт, Тривалість горіння ≈ 1 хв.",zp14,
47,"НАПАЛМ-1,5",Запалювальний,fpv,"Загальна вага - 1,5 кг, Запалювальна суміш - напалм",zp1500,c10be6892f81303146e8ebe528716090
48,НАПАЛМ-2,Запалювальний,fpv,"Загальна вага - 2 кг, Запалювальна суміш - напалм",zp2000,
49,Порошок 2,Вогнегасник,fpv,"Загальна вага - 2 кг",poroshok2,
50,АнЗАЛ-7,Фугасний,bombers,"Загальна вага - 7,2 кг, Маса ВР - 6,130 г (Тротил + проміжний C-4)",anzal7,ac598ec4bea4a8a9401eb4bc834d40db
51,"ФАБ-8,5",Фугасний,bombers,"Загальна вага - 8,2 кг, Маса ВР - 6000г (Нітромакс + проміжний C-4) ",fab85,
52,РБ80-Ф,Фугасний,bombers,"Загальна вага - 8,5 кг, Маса ВР - 6 кг (УТ-2)",rb80f,d2c401c2e45287b1c90dfd74c77ea59b
53,ЗАЛ-5,Фугасний,bombers,"Загальна вага - 4,11 кг, Маса ВР - 2,36 кг (Нітромакс + проміжний C-4)",zal5,70eea11fd1673fd4fc5d02bf73b3dce5
54,ЗАЛ-7,Фугасний,bombers,"Загальна вага - 8,3 кг, Маса ВР - 5,8 кг (Нітромакс + проміжний C-4)",zal7,70eea11fd1673fd4fc5d02bf73b3dce5
55,ЗАЛ-14,Фугасний,bombers,"Загальна вага - 14 кг, Маса ВР - 10 кг (Нітромакс + проміжний C-4) ",zal14,70eea11fd1673fd4fc5d02bf73b3dce5
56,ТМ-3,Фугасний,bombers,"Загальна вага - 8,6 кг(ТМ-62П), 9,8 кг(ТМ-62М), Затримка - 3 с (після удару об землю)",tmskyd,51229378996d4d8828a60280d5be47a6
57,ТМ-30,Фугасний,bombers,"Загальна вага - 8 кг, Затримка - 30 с (після скиду з дрона)",tm30,25083fe3812b968c3a859dee07a3747a
58,КАРА,Фугасний,bombers,"Загальна вага - 5,5 кг, Маса ВР - 2,4 (ТНТ), Протибліндажний викидний фугас. Затримка - 10 с (після скиду з дрона)",karaztp,eb202f616e53f75095fd0e81be9a06bf
59,БПБПЛА-ОФ-1100,Осколковий,bombers,"Загальна вага - 1,1 кг, Маса ВР - 125 г, Радіус ураження - 10 м, Кількість осколків - 570 шт",bpbplaof1100,
60,БПБПЛА-ОФ-2500,Осколковий,bombers,"Загальна вага - 2,5 кг, Маса ВР - 230 г (Semtex), Радіус ураження - 14 м, кількість осколків - 380 шт",bpbplaof25,
61,БПБПЛА-ОФМ-2500,Осколковий,bombers,"Загальна вага - 2,5 кг, Маса ВР - 190 г (Semtex), Радіус ураження до 15 м, кількість осколків - 1000шт.",bpbplaofm25,
62,БПБПЛА-ОК-2500,Осколково-кумулятивний,bombers,"Загальна вага - 2,5 кг, Маса ВР - 270 г (Semtex), Радіус ураження - 12 м, Бронепробиття - 120мм",bpbplaok25,
63,БПБПЛА-БЦ-3500,Осколково-кумулятивний,bombers,"Загальна вага - 4 кг, Маса ВР - 1,26 кг, Радіус ураження - 20 м, Бронепробиття - 120 мм",bpbplabc3500,
64,БПБПЛА-БЦ-4500,Осколково-кумулятивний,bombers,"Загальна вага - 5,6 кг, Маса ВР - 1,9 кг, Радіус ураження - 40 м, Бронепробиття - 120 мм",bpbplabc4500,
65,БПБПЛА-К-2500,Кумулятивний,bombers,"Загальна вага - 2,5 кг, Маса ВР - 740 г, Товщина пробиття - 30 см броні, 40 см залізобетону",bpbplak2500,
66,БПБПЛА-К-3000,Кумулятивний,bombers,"Загальна вага - 3,2 кг, Маса ВР - 1,4 кг, Товщина пробиття - 45 см броні, 80 см залізобетону",bpbplak3000,
67,"УАБ-2,0-А",Осколковий,bombers,"Загальна вага - 2 кг, Маса осколків - 1012 г, Вибухова речовина - 350 г(Анемікс П)",uab20a,64ab6c6746e6b1fcefae3777662e1aeb
68,"УАБ-2,5-А",Осколковий,bombers,"Загальна вага - 2500 г, Вибухова речовина - 445 г(АНЕМІКС-П)",uab25,64ab6c6746e6b1fcefae3777662e1aeb
69,УАБ-4.0-А,Осколковий,bombers,"Загальна вага - 4 кг, Маса осколків - 2,7 кг, Маса ВР - 510 г (Анемікс П)",uab40,64ab6c6746e6b1fcefae3777662e1aeb
70,ОГ-Б1,Осколковий,bombers,"Загальна вага - 3,1 кг, Вибухова речовина - 755 г",ohb1,
71,ОБ-Д1,Осколковий,bombers,"Загальна вага - 2,9 кг, Маса ВР - 800 г (Тротил), Кількість осколків - 600 шт., Радіус суцільного ураження - 10 м",obd1,
72,МОА-120,Осколковий,bombers,"Загальна вага - 2,050 г, Вибухова речовина - 120 г(ПВРт-22)",moa120,3b5667cedfd57b5e6fdee2bcd6d7247f
73,MOA-VIY-120,Осколковий,bombers,"Загальна вага - 2,1 кг, ВР - ТНТ",moaviy120,
74,МОА-400,Осколково-фугасний,bombers,"Загальна вага - 4,150 г, Вибухова речовина - 970 г (АТ-45)",moa400,3b5667cedfd57b5e6fdee2bcd6d7247f
75,MOA-VIY-400,Осколково-фугасний,bombers,"Загальна вага - 4,5 кг, ВР - ТНТ",moaviy400,
76,МОА-900,Осколково-фугасний,bombers,"Загальна вага - 8,250 г, Вибухова речовина - 2,250 г (АТ-45)",moa900,3b5667cedfd57b5e6fdee2bcd6d7247f
77,Міна 120 мм,Осколково-фугасний,bombers,"Загальна вага - 14,4 кг",mina120,e864f69f3f90e14ccf7cc6d83590ca8e
78,ПГ-7Л Скид,Кумулятивний,bombers,"Загальна вага - 1680 г",pg7lskyd,
79,ПГ-7ВР Скид,Кумулятивний,bombers,"Загальна вага - 3150 г",pg7vrskyd,
80,КЗ-6,Кумулятивний,bombers,"Загальна вага - 3350 г, Маса ВР - 1,8 кг (ТГ-40), Товщина пробиття - 21,5 см броні, 80 см мерзлого грунту, 55 см залізобетону",kz6,
81,КЗ-6М,Кумулятивний,bombers,"Загальна вага - 3600 г, Маса ВР - 1,8 кг (ТГА), Товщина пробиття - 21,5 см броні, 50 см залізобетону",kz6m,
82,НАПАЛМ-8,Запалювальний,bombers,"Загальна вага - 7,6 кг, Запалювальна суміш - напалм",zp8000,bd6fece2f6426aab606bf093cedfba8c
83,Дим-3,Димовий,bombers,"Загальна вага - 3 кг",dym3,
84,"Дим-15,5",Димовий,bombers,"Загальна вага - 15,5 кг, Димовий фосфорний снаряд",dym15,
85,"Вогнегасник-5",Вогнегасник,bombers,"Загальна вага - 5 кг",poroshok55,8cebebb01b68974382309b571ed00ebb